{"2": 99.44087129544967, "3": 99.28568136473567, "4": 97.73365982015495, "5": 96.22052344900834, "6": 76.66120780733621}