{"2": 99.95151020247853, "3": 77.38578658181075, "4": 86.57297756138199, "5": 29.082887101276157, "6": -460.89830652279454}