{"2": 99.93980609590884, "3": -86042.67463544958, "4": -101250.97539568973, "5": -127061.41994248913, "6": -2433788.3771508145}