{"2": 98.41620086779676, "3": 92.41374014177576, "4": 56.57687105256945, "5": -398.93472524237677, "6": -337.3332174402208}